{
  "cpu": {
    "percent": 18.3,
    "count": 8,
    "frequency": 3601.0
  },
  "memory": {
    "percent": 58.9,
    "available": 14087454720,
    "used": 20226256896,
    "total": 34313711616
  },
  "disk": {
    "percent": 18.7,
    "used": 40075350016,
    "free": 174023397376,
    "total": 214098747392
  },
  "network": {
    "bytes_sent": 250780737,
    "bytes_recv": 2671630634,
    "packets_sent": 1090366,
    "packets_recv": 2541833
  },
  "process": {
    "pid": 1016,
    "create_time": 1772366627.8152876,
    "memory_info": {
      "rss": 495345664,
      "vms": 954494976,
      "num_page_faults": 139703,
      "peak_wset": 498864128,
      "wset": 495345664,
      "peak_paged_pool": 1848768,
      "paged_pool": 1811152,
      "peak_nonpaged_pool": 144584,
      "nonpaged_pool": 100384,
      "pagefile": 954494976,
      "peak_pagefile": 955232256,
      "private": 954494976
    },
    "cpu_percent": 0.0
  },
  "timestamp": "2026-03-01T20:14:06.327939"
}