Type,Name,Request Count,Failure Count,Median Response Time,Average Response Time,Min Response Time,Max Response Time,Average Content Size,Requests/s,Failures/s,50%,66%,75%,80%,90%,95%,98%,99%,99.9%,99.99%,100%
GET,/,1189,0,3,33.344634650744105,1.5236000181175768,2105.9413999901153,64.0,12.028715509385824,0.0,3,3,5,8,15,20,37,2100,2100,2100,2100
GET,/api/system/health,414,0,3,20.32132753656653,1.5783999988343567,2063.293799990788,156.0,4.18829959704435,0.0,3,3,5,8,14,20,25,42,2100,2100,2100
GET,/api/system/info,820,0,8,39.97413402450947,6.058099999791011,2097.215799993137,315.0,8.295665868541947,0.0,8,8,9,11,19,23,48,2100,2100,2100,2100
GET,/api/system/metrics,407,0,4,46.503805650223086,2.4452999932691455,2073.208399990108,359.2285012285012,4.1174829371909425,0.0,4,4,5,9,14,22,53,2100,2100,2100,2100
GET,/api/system/stats,838,0,3,32.71915465382179,1.4472999901045114,2106.9844999874476,618.1921241050119,8.477765851022138,0.0,3,3,5,8,14,18,42,2000,2100,2100,2100
,Aggregated,3668,0,4,34.674015975876365,1.4472999901045114,2106.9844999874476,289.86668484187567,37.107929763185204,0.0,4,7,8,9,15,21,41,2100,2100,2100,2100
