Type,Name,Request Count,Failure Count,Median Response Time,Average Response Time,Min Response Time,Max Response Time,Average Content Size,Requests/s,Failures/s,50%,66%,75%,80%,90%,95%,98%,99%,99.9%,99.99%,100%
GET,/,143,0,2,74.73422307663571,1.6914999869186431,2076.5233999991324,64.0,2.455943247976155,0.0,2,3,3,3,3,14,2100,2100,2100,2100,2100
GET,/api/system/health,40,0,2,2.9905474999395665,1.6004999924916774,13.450399972498417,156.0,0.6869771323010224,0.0,2,3,3,3,4,11,13,13,13,13,13
GET,/api/system/info,91,0,7,54.45986703341407,6.249300000490621,2054.577100003371,315.0,1.562872975984826,0.0,7,8,8,8,11,34,2000,2100,2100,2100,2100
GET,/api/system/metrics,47,0,3,47.17195531640677,2.6894999900832772,2056.6517999977805,359.25531914893617,0.8071981304537014,0.0,3,4,4,4,4,5,2100,2100,2100,2100,2100
GET,/api/system/stats,99,0,2,44.44927272693762,1.9144999969284981,2063.6029000161216,614.4343434343434,1.7002684024450305,0.0,2,3,3,3,3,11,2100,2100,2100,2100,2100
,Aggregated,420,0,3,53.28577047579789,1.6004999924916774,2076.5233999991324,289.93095238095236,7.213259889160736,0.0,3,3,6,7,8,13,2000,2100,2100,2100,2100
